{"core": ["install chrome", "please install", "install", "reset password", "reset", "please reset", "please", "chrome", "unblock account", "unblock", "please unblock", "password", "firefox", "install firefox", "block", "now"], "num_documents": 14, "key_concepts": {"install_software.txt": [["full", 0.14460787381070719], ["user almost", 0.14460787381070719], ["full c", 0.14460787381070719], ["almost full", 0.14460787381070719], ["user", 0.14460787381070719]], "invalid_HowTo.txt": [["now", 0.40634825889576148], ["terminate now", 0.40634825889576148], ["terminate", 0.40634825889576148], ["almost", 0.018405172305430463], ["please", 0.034239482345204644]], "clean_disk.txt": [["full", 0.14460787381070719], ["user almost", 0.14460787381070719], ["full c", 0.14460787381070719], ["almost full", 0.14460787381070719], ["user", 0.14460787381070719]], "account_operations.txt": [["account", 0.20618973225771484], ["block account", 0.22189909874614794], ["forgotten password", 0.095501190762894178], ["password block", 0.095501190762894178], ["password", 0.095705395016790915]]}, "num_concepts": 39, "consistency": 11.801763965130508, "timestamp": [2011, 7, 25, 23, 9, 17, 0, 206, 1], "correlation": {"install_software.txt": 10.212259545333659, "invalid_HowTo.txt": 11.577407029580113, "clean_disk.txt": 10.212259545333659, "account_operations.txt": 11.721726141676353}, "centrality": {"install_software.txt": -1.5895044197968486, "invalid_HowTo.txt": -0.22435693555039327, "clean_disk.txt": -1.5895044197968486, "account_operations.txt": -0.080037823454155263}}