{"core": ["password", "terminate now", "disk", "account", "please", "block"], "num_documents": 14, "key_concepts": {"install_software.txt": [["full c", 0.099559694991827666], ["full", 0.099559694991827666], ["now", 0.12513651732210346], ["terminate", 0.12513651732210346], ["disk", 0.066664642346445105]], "invalid_HowTo.txt": [["now", 0.15017627248427712], ["terminate now", 0.15017627248427712], ["terminate", 0.15017627248427712], ["please", 0.063527277634529575], ["install", 0.10031956221653379]], "clean_disk.txt": [["full c", 0.099559694991827666], ["full", 0.099559694991827666], ["now", 0.12513651732210346], ["terminate", 0.12513651732210346], ["disk", 0.066664642346445105]], "account_operations.txt": [["block account", 0.13607314242132995], ["account", 0.12466048185924192], ["forgotten password", 0.058859407345075769], ["password block", 0.058859407345075769], ["password", 0.068588568823156726]]}, "num_concepts": 16, "consistency": 30.889105781930603, "timestamp": [2011, 7, 26, 20, 22, 23, 1, 207, 1], "correlation": {"install_software.txt": 22.446906198013689, "invalid_HowTo.txt": 30.661404264902782, "clean_disk.txt": 22.446906198013689, "account_operations.txt": 30.766160432362867}, "centrality": {"install_software.txt": -8.4421995839169099, "invalid_HowTo.txt": -0.22770151702782052, "clean_disk.txt": -8.4421995839169099, "account_operations.txt": -0.12294534956773365}}